USE smart_city;

-- AREA URBANA 
INSERT INTO area_urbana (nome) VALUES
('Centro'),
('Bela Vista'),
('Esmerino Gomes'),
('Ferros'),
('Monte Castelo'),
('Alto dos Bernardos'),
('Padre Lima'),
('Paulo Vieira de Mesquita'),
('Pedra Branca'),
('Barateiro'),
('Santa Rita'),
('Ipuzinho');

-- EVENTO URBANO
INSERT INTO evento_urbano (data, nome) VALUES
('2025-09-15 18:00:00', 'Procissão de Nossa Senhora'),
('2025-07-20 06:00:00', 'Subida à Pedra do Frade'),
('2025-06-13 20:00:00', 'Forró dos Véi'),
('2025-12-12 16:00:00', 'Carreata da Paquetá'),
('2025-10-05 07:00:00', 'Concurso de Pescaria no Açude'),
('2025-03-01 08:00:00', 'Trote da UFC'),
('2025-11-20 22:00:00', 'Show do Gustavo Lima'),
('2025-08-10 19:00:00', 'Inauguração do Teatro na UFC'),
('2025-06-24 19:00:00', 'Festa de São João'),
('2025-09-07 14:00:00', 'Cavalgada de Itapajé'),
('2025-04-15 07:00:00', 'Feira do Peixe'),
('2025-06-28 20:00:00', 'Festival de Quadrilhas');

-- CIDADÃO
INSERT INTO cidadao (cpf, nome, data_nascimento, estado_civil, cargo) VALUES
('11122233344', 'Vera', '1965-03-12', 'Casado', 'Magnata'),
('22233344455', 'Anderson Uchoa', '1978-07-22', 'Casado', 'Professor Universitario'),
('33344455566', 'Israel Chen', '1985-11-05', 'Solteiro', 'Golpista'),
('44455566677', 'Tchou', '1990-01-18', 'Solteiro', 'Celebridade'),
('55566677788', 'Roger Ramos', '1960-09-30', 'Casado', 'Prefeito'),
('66677788899', 'Maria das Dores', '1952-04-08', 'Viuvo', 'Aposentada'),
('77788899900', 'José Ferreira', '1968-12-01', 'Casado', 'Comerciante'),
('88899900011', 'Ana Matias', '1982-05-14', 'Solteiro', 'Medica'),
('99900011122', 'Carlos Matias', '1975-08-19', 'Casado', 'Engenheiro'),
('00011122233', 'Francisca Valadão', '1988-02-25', 'Solteiro', 'Professora'),
('12345678901', 'Antônio Biligonego', '1958-10-10', 'Casado', 'Agricultor'),
('23456789012', 'Raimunda Estripulia', '1963-06-16', 'Casado', 'Dona de Casa'),
('34567890123', 'Pedro Garupa', '1970-11-30', 'Solteiro', 'Motorista'),
('45678901234', 'Elisangela Mangos', '1992-03-03', 'Solteiro', 'Enfermeira'),
('56789012345', 'Rafael Vieira', '1980-07-07', 'Casado', 'Policial'),
('67890123456', 'Severino Mesquita', '1955-01-20', 'Viuvo', 'Carpinteiro'),
('78901234567', 'Luzia Ferros', '1972-09-12', 'Casado', 'Vendedora'),
('89012345678', 'Francisco Matias', '1966-04-04', 'Casado', 'Pastor'),
('90123456789', 'Isabel Matias', '2001-08-28', 'Solteiro', 'Estudante'),
('01234567890', 'Lucas Malafaia', '1979-12-15', 'Solteiro', 'Padre'),
('11223344556', 'Mariana Matias', '1984-06-06', 'Casado', 'Advogada'),
('22334455667', 'Roberto Esmerino', '1961-02-14', 'Casado', 'Comerciante'),
('33445566778', 'Juliana Love', '1995-10-22', 'Solteiro', 'Arquiteta'),
('44556677889', 'Ricardo Delas', '1973-03-09', 'Casado', 'Malandro'),
('55667788990', 'Fernanda Fofoqueira', '1989-07-31', 'Solteiro', 'Jornalista'),
('66778899001', 'Gustavo Adegas', '1998-05-05', 'Solteiro', 'Cantor'),
('77889900112', 'Tiago Em Riba', '1969-11-11', 'Casado', 'Pescador'),
('88990011223', 'Simone Sebite', '1977-01-23', 'Casado', 'Artista'),
('99001122334', 'Bruno Bezerra', '1983-09-17', 'Casado', 'Professor'),
('00112233445', 'Carla Matagal', '1991-04-02', 'Solteiro', 'Biologa'),
('11221122334', 'Diego Matias', '1976-08-08', 'Casado', 'Eletricista'),
('22332233445', 'Eliane Paquetá', '1986-12-12', 'Casado', 'Costureira'),
('33443344556', 'Fabio Matias', '1974-06-18', 'Casado', 'Musico'),
('44554455667', 'Gabriela Morros', '1994-02-27', 'Solteiro', 'Guia Turistico'),
('55665566778', 'Henrique Matias', '1967-10-03', 'Casado', 'Sacristao');

-- INFRAESTRUTURA
INSERT INTO infraestrutura (tipo, area_urbana_id) VALUES
('posto de saude', 1),
('Escola Adriano Nobre', 2),
('praca', 3),
('Mercado Deirton', 4),
('acude', 12),
('teatro', 1),
('Ponte do Vapor', 5),
('Ginasio Coberto', 6),
('creche', 7),
('biblioteca', 8),
('centro cultural', 9),
('campo de futebol', 10),
('posto policial', 11),
('igreja', 1),
('terminal rodoviario', 1),
('estacao de tratamento', 2),
('farmacia', 3),
('ginasio', 1);

-- SERVICO PUBLICO
INSERT INTO servico_publico (nome, infraestrutura_id) VALUES
('Consultas Medicas', 1),
('Vacinacao', 1),
('Ensino Fundamental', 2),
('Educacao Infantil', 2),
('Lazer e Convivencia', 3),
('Feira Livre', 4),
('Pesca e Lazer', 5),
('Apresentacoes Teatrais', 6),
('Trafego Veicular', 7),
('Eventos Esportivos', 8),
('Cuidado Infantil', 9),
('Emprestimo de Livros', 10),
('Exposicoes Culturais', 11),
('Campeonatos Locais', 12),
('Seguranca Patrimonial', 13),
('Celebracoes Religiosas', 14),
('Transporte Intermunicipal', 15),
('Tratamento de Esgoto', 16);

-- SENSOR
INSERT INTO sensor (tipo, latitude, logitude, infraestrutura_id) VALUES
('luminosidade', '-3.6864', '-39.5861', 1),
('trafego', '-3.6870', '-39.5880', 7),
('qualidade do ar', '-3.6850', '-39.5850', 5),
('umidade', '-3.6860', '-39.5870', 3),
('temperatura', '-3.6880', '-39.5890', 8),
('ruido', '-3.6855', '-39.5845', 15),
('vazao', '-3.6875', '-39.5865', 16),
('presenca', '-3.6862', '-39.5868', 4),
('co2', '-3.6858', '-39.5858', 6),
('luminosidade', '-3.6865', '-39.5865', 14),
('umidade', '-3.6885', '-39.5895', 12),
('temperatura', '-3.6872', '-39.5882', 11),
('luminosidade', '-3.6900', '-39.5910', 2),
('luminosidade', '-3.6910', '-39.5920', 6),
('luminosidade', '-3.6920', '-39.5930', 12),
('trafego', '-3.6930', '-39.5940', 15),
('trafego', '-3.6940', '-39.5950', 13),
('trafego', '-3.6950', '-39.5960', 1),
('qualidade do ar', '-3.6960', '-39.5970', 8),
('qualidade do ar', '-3.6970', '-39.5980', 11),
('qualidade do ar', '-3.6980', '-39.5990', 15),
('umidade', '-3.6990', '-39.6000', 5),
('umidade', '-3.7000', '-39.6010', 9),
('umidade', '-3.7010', '-39.6020', 6),
('temperatura', '-3.7020', '-39.6030', 3),
('temperatura', '-3.7030', '-39.6040', 14),
('temperatura', '-3.7040', '-39.6050', 2),
('ruido', '-3.7050', '-39.6060', 6),
('ruido', '-3.7060', '-39.6070', 12),
('ruido', '-3.7070', '-39.6080', 4),
('vazao', '-3.7080', '-39.6090', 5),
('vazao', '-3.7090', '-39.6100', 1),
('vazao', '-3.7100', '-39.6110', 9),
('presenca', '-3.7110', '-39.6120', 10),
('presenca', '-3.7120', '-39.6130', 14),
('presenca', '-3.7130', '-39.6140', 3),
('co2', '-3.7140', '-39.6150', 11),
('co2', '-3.7150', '-39.6160', 8),
('co2', '-3.7160', '-39.6170', 3);

-- LEITURA
INSERT INTO leitura (data, valor, sensor_id) VALUES
('2025-06-01 08:00:00', '450 lux', 1),
('2025-06-01 14:00:00', '1200 lux', 1),
('2025-06-01 20:00:00', '80 lux', 1),
('2025-06-10 09:00:00', '320 veiculos/hora', 2),
('2025-06-10 17:00:00', '580 veiculos/hora', 2),
('2025-06-05 07:00:00', 'PM2.5: 35', 3),
('2025-06-05 15:00:00', 'PM2.5: 42', 3),
('2025-06-12 06:00:00', '78%', 4),
('2025-06-12 18:00:00', '65%', 4),
('2025-06-08 10:00:00', '28.5 C', 5),
('2025-06-08 16:00:00', '31.2 C', 5),
('2025-06-03 11:00:00', '65 dB', 6),
('2025-06-03 22:00:00', '48 dB', 6),
('2025-06-15 08:00:00', '120 m3/h', 7),
('2025-06-15 14:00:00', '145 m3/h', 7),
('2025-06-02 07:00:00', '85 pessoas', 8),
('2025-06-02 12:00:00', '210 pessoas', 8),
('2025-06-09 19:00:00', '420 ppm', 9),
('2025-06-09 21:00:00', '380 ppm', 9),
('2025-06-07 06:00:00', '300 lux', 10),
('2025-06-07 20:00:00', '150 lux', 10),
('2025-06-11 07:00:00', '72%', 11),
('2025-06-11 17:00:00', '58%', 11),
('2025-06-06 09:00:00', '26.8 C', 12),
('2025-06-06 15:00:00', '29.4 C', 12),
('2025-06-13 08:00:00', '500 lux', 1),
('2025-06-13 12:00:00', '1100 lux', 1),
('2025-06-13 18:00:00', '200 lux', 1),
('2025-06-13 07:00:00', '400 veiculos/hora', 2),
('2025-06-13 19:00:00', '620 veiculos/hora', 2),
('2025-06-14 08:00:00', '520 lux', 1),
('2025-06-14 20:00:00', '60 lux', 1),
('2025-06-14 08:00:00', '290 veiculos/hora', 2),
('2025-06-14 18:00:00', '670 veiculos/hora', 2),
('2025-06-14 07:00:00', 'PM2.5: 28', 3),
('2025-06-14 16:00:00', 'PM2.5: 51', 3),
('2025-06-14 06:00:00', '82%', 4),
('2025-06-14 20:00:00', '70%', 4),
('2025-06-14 10:00:00', '27.9 C', 5),
('2025-06-14 15:00:00', '32.1 C', 5),
('2025-06-14 09:00:00', '70 dB', 6),
('2025-06-14 23:00:00', '44 dB', 6),
('2025-06-16 08:00:00', '130 m3/h', 7),
('2025-06-16 16:00:00', '110 m3/h', 7),
('2025-06-14 08:00:00', '95 pessoas', 8),
('2025-06-14 13:00:00', '180 pessoas', 8),
('2025-06-14 20:00:00', '460 ppm', 9),
('2025-06-14 23:00:00', '350 ppm', 9),
('2025-06-14 07:00:00', '280 lux', 10),
('2025-06-14 21:00:00', '120 lux', 10),
('2025-06-14 08:00:00', '75%', 11),
('2025-06-14 18:00:00', '61%', 11),
('2025-06-14 09:00:00', '25.5 C', 12),
('2025-06-14 16:00:00', '30.8 C', 12),
('2025-06-01 07:00:00', '380 lux', 13),
('2025-06-01 14:00:00', '950 lux', 13),
('2025-06-14 08:00:00', '410 lux', 13),
('2025-06-01 07:00:00', '700 lux', 14),
('2025-06-01 20:00:00', '90 lux', 14),
('2025-06-14 20:00:00', '70 lux', 14),
('2025-06-01 08:00:00', '550 lux', 15),
('2025-06-01 22:00:00', '200 lux', 15),
('2025-06-14 14:00:00', '1050 lux', 15),
('2025-06-01 08:00:00', '450 veiculos/hora', 16),
('2025-06-01 18:00:00', '720 veiculos/hora', 16),
('2025-06-14 08:00:00', '390 veiculos/hora', 16),
('2025-06-01 08:00:00', '180 veiculos/hora', 17),
('2025-06-01 17:00:00', '310 veiculos/hora', 17),
('2025-06-14 17:00:00', '280 veiculos/hora', 17),
('2025-06-01 09:00:00', '260 veiculos/hora', 18),
('2025-06-01 17:00:00', '490 veiculos/hora', 18),
('2025-06-14 09:00:00', '310 veiculos/hora', 18),
('2025-06-01 08:00:00', 'PM2.5: 22', 19),
('2025-06-01 15:00:00', 'PM2.5: 38', 19),
('2025-06-14 08:00:00', 'PM2.5: 19', 19),
('2025-06-01 08:00:00', 'PM2.5: 30', 20),
('2025-06-01 14:00:00', 'PM2.5: 45', 20),
('2025-06-14 14:00:00', 'PM2.5: 33', 20),
('2025-06-01 07:00:00', 'PM2.5: 40', 21),
('2025-06-01 16:00:00', 'PM2.5: 55', 21),
('2025-06-14 16:00:00', 'PM2.5: 48', 21),
('2025-06-01 06:00:00', '80%', 22),
('2025-06-01 18:00:00', '68%', 22),
('2025-06-14 06:00:00', '76%', 22),
('2025-06-01 06:00:00', '85%', 23),
('2025-06-01 18:00:00', '71%', 23),
('2025-06-14 18:00:00', '67%', 23),
('2025-06-01 06:00:00', '79%', 24),
('2025-06-01 20:00:00', '63%', 24),
('2025-06-14 20:00:00', '60%', 24),
('2025-06-01 10:00:00', '27.2 C', 25),
('2025-06-01 16:00:00', '30.5 C', 25),
('2025-06-14 10:00:00', '26.8 C', 25),
('2025-06-01 10:00:00', '29.0 C', 26),
('2025-06-01 16:00:00', '32.4 C', 26),
('2025-06-14 16:00:00', '31.7 C', 26),
('2025-06-01 10:00:00', '28.1 C', 27),
('2025-06-01 15:00:00', '31.0 C', 27),
('2025-06-14 15:00:00', '29.6 C', 27),
('2025-06-01 10:00:00', '72 dB', 28),
('2025-06-01 22:00:00', '50 dB', 28),
('2025-06-14 22:00:00', '46 dB', 28),
('2025-06-01 11:00:00', '60 dB', 29),
('2025-06-01 22:00:00', '42 dB', 29),
('2025-06-14 11:00:00', '67 dB', 29),
('2025-06-01 11:00:00', '80 dB', 30),
('2025-06-01 23:00:00', '55 dB', 30),
('2025-06-14 23:00:00', '52 dB', 30),
('2025-06-01 08:00:00', '100 m3/h', 31),
('2025-06-01 14:00:00', '135 m3/h', 31),
('2025-06-14 14:00:00', '118 m3/h', 31),
('2025-06-01 08:00:00', '90 m3/h', 32),
('2025-06-01 16:00:00', '115 m3/h', 32),
('2025-06-14 16:00:00', '108 m3/h', 32),
('2025-06-01 08:00:00', '75 m3/h', 33),
('2025-06-01 14:00:00', '95 m3/h', 33),
('2025-06-14 08:00:00', '88 m3/h', 33),
('2025-06-01 07:00:00', '60 pessoas', 34),
('2025-06-01 13:00:00', '150 pessoas', 34),
('2025-06-14 13:00:00', '135 pessoas', 34),
('2025-06-01 07:00:00', '45 pessoas', 35),
('2025-06-01 12:00:00', '90 pessoas', 35),
('2025-06-14 12:00:00', '80 pessoas', 35),
('2025-06-01 07:00:00', '120 pessoas', 36),
('2025-06-01 12:00:00', '300 pessoas', 36),
('2025-06-14 12:00:00', '270 pessoas', 36),
('2025-06-01 18:00:00', '390 ppm', 37),
('2025-06-01 22:00:00', '340 ppm', 37),
('2025-06-14 22:00:00', '360 ppm', 37),
('2025-06-01 19:00:00', '410 ppm', 38),
('2025-06-01 23:00:00', '370 ppm', 38),
('2025-06-14 23:00:00', '355 ppm', 38),
('2025-06-01 19:00:00', '400 ppm', 39),
('2025-06-01 22:00:00', '365 ppm', 39),
('2025-06-14 22:00:00', '380 ppm', 39);

-- MANUTENCAO
INSERT INTO manutencao (responsavel, inicio, fim, descrição, infraestrutura_id) VALUES
('Pedro Bernardos', '2025-01-10', '2025-01-25', 'Troca de telhado', 1),
('Construtora Itapaje Ltda', '2025-02-01', '2025-02-20', 'Reparo estrutural', 7),
('José Ferreira', '2025-03-05', '2025-03-15', 'Pintura geral', 8),
('Prefeitura Municipal', '2025-04-01', '2025-04-10', 'Limpeza anual', 5),
('Diego Ramalho', '2025-05-12', '2025-05-30', 'Reforma eletrica', 4),
('Associacao Barateiro FC', '2025-06-01', '2025-06-10', 'Troca de areia', 12),
('Companhia de Agua', '2025-06-15', '2025-06-20', 'Manutencao de bombas', 16),
('Vera Lúcia Magnata', '2025-02-15', '2025-02-28', 'Reparo de bancos', 3),
('Jardineiro Municipal', '2025-03-20', '2025-03-25', 'Poda de arvores', 15),
('Severino Mesquita', '2025-01-05', '2025-01-18', 'Reparo no telhado', 9),
('Carlos Matias', '2025-07-01', '2025-07-10', 'Revisao eletrica geral', 1),
('Ana Matias', '2025-07-02', '2025-07-08', 'Substituicao de carteiras', 2),
('Vera', '2025-07-03', '2025-07-12', 'Reforma do piso', 3),
('Roger Ramos', '2025-07-04', '2025-07-15', 'Instalacao de cameras', 4),
('Mariana Matias', '2025-07-05', '2025-07-20', 'Limpeza do leito do acude', 5),
('Carlos Matias', '2025-07-06', '2025-07-18', 'Troca de assentos', 6),
('Severino Mesquita', '2025-07-07', '2025-07-25', 'Reforco estrutural', 7),
('Diego Matias', '2025-07-08', '2025-07-16', 'Reforma do vestiario', 8),
('Ana Matias', '2025-07-09', '2025-07-14', 'Pintura interna', 9),
('Mariana Matias', '2025-07-10', '2025-07-22', 'Catalogacao e restauro', 10),
('Simone Sebite', '2025-07-11', '2025-07-28', 'Restauro de murais', 11),
('José Ferreira', '2025-07-12', '2025-07-20', 'Nivelamento do campo', 12),
('Rafael Vieira', '2025-07-13', '2025-07-18', 'Troca de fechaduras', 13),
('Francisco Matias', '2025-07-14', '2025-07-30', 'Reforma do altar', 14),
('Pedro Garupa', '2025-07-15', '2025-07-22', 'Pintura de faixas', 15),
('Carlos Matias', '2025-07-16', '2025-07-25', 'Substituicao de filtros', 16),
('Elisangela Mangos', '2025-07-17', '2025-07-21', 'Reforma de prateleiras', 17),
('Diego Matias', '2025-07-18', '2025-07-28', 'Revisao eletrica', 18);

-- ITENS
INSERT INTO itens (nome, infraestrutura_id) VALUES
('Banco de madeira', 3),
('Banco de ferro', 3),
('Luminaria LED', 1),
('Ar condicionado', 1),
('Computador', 2),
('Projetor', 2),
('Bancada de aco', 4),
('Freezer industrial', 4),
('Caixa de som', 8),
('Rede de volei', 8),
('Arquivo morto', 10),
('Computador', 10),
('Batedeira', 9),
('Berco', 9),
('Banco da igreja', 14),
('Candelabro', 14),
('Luminaria fluorescente', 15),
('Banco de espera', 15),
('Motor de bomba', 16),
('Valvula de controle', 16),
('Maca hospitalar', 1),
('Cadeira de rodas', 1),
('Desfibrilador', 1),
('Mesa de exame', 1),
('Nebulizador', 1),
('Mesa escolar', 2),
('Quadro branco', 2),
('Armario escolar', 2),
('Bebedouro', 2),
('Extintor de incendio', 2),
('Lixeira seletiva', 3),
('Fonte ornamental', 3),
('Parquinho infantil', 3),
('Placa de sinalizacao', 3),
('Bebedouro publico', 3),
('Balanca comercial', 4),
('Geladeira expositora', 4),
('Mesa de corte', 4),
('Caixa registradora', 4),
('Extintor de incendio', 4),
('Boia de seguranca', 5),
('Placa de aviso', 5),
('Banco de pesca', 5),
('Lixeira', 5),
('Luminaria solar', 5),
('Piano de cauda', 6),
('Cadeira de plateia', 6),
('Refletor de palco', 6),
('Mesa de som', 6),
('Gerador de emergencia', 6),
('Cone de sinalizacao', 7),
('Grade de protecao', 7),
('Placa de limite de carga', 7),
('Luminaria de emergencia', 7),
('Extintor de incendio', 7),
('Tabela de basquete', 8),
('Trave de futebol de salao', 8),
('Cronometro eletronico', 8),
('Vestiario feminino', 8),
('Bebedouro', 8),
('Berco de grades', 9),
('Fraldario', 9),
('Tapete emborrachado', 9),
('Bebedouro infantil', 9),
('Extintor de incendio', 9),
('Estante de livros', 10),
('Mesa de leitura', 10),
('Cadeira de leitura', 10),
('Scanner de documentos', 10),
('Bebedouro', 10),
('Projetor multimidia', 11),
('Telao retratil', 11),
('Mesa de reuniao', 11),
('Ar condicionado', 11),
('Microfone sem fio', 11),
('Trave de futebol', 12),
('Placar eletronico', 12),
('Banco de reservas', 12),
('Rede de protecao', 12),
('Bebedouro', 12),
('Viatura policial', 13),
('Armamento institucional', 13),
('Computador', 13),
('Algema', 13),
('Radio comunicador', 13),
('Orgao musical', 14),
('Confessionario', 14),
('Pia batismal', 14),
('Imagem sacra', 14),
('Lustre de cristal', 14),
('Guiche de atendimento', 15),
('Painel de destinos', 15),
('Cadeira de espera', 15),
('Cafeteira', 15),
('Extintor de incendio', 15),
('Tanque de tratamento', 16),
('Bomba centrifuga reserva', 16),
('Medidor de pH', 16),
('Clorador automatico', 16),
('Gerador de emergencia', 16),
('Prateleira de medicamentos', 17),
('Geladeira de vacinas', 17),
('Balcao de atendimento', 17),
('Computador', 17),
('Extintor de incendio', 17),
('Aparelho de som', 18),
('Cadeira plastica', 18),
('Mesa dobravel', 18),
('Ventilador de teto', 18),
('Extintor de incendio', 18);

-- STATUS
INSERT INTO status (data, status_item, itens_id) VALUES
('2025-01-15', 'Bom', 1),
('2025-02-10', 'Regular', 2),
('2025-03-05', 'Excelente', 3),
('2025-04-20', 'Bom', 4),
('2025-05-12', 'Regular', 5),
('2025-06-01', 'Bom', 6),
('2025-01-30', 'Excelente', 7),
('2025-02-25', 'Bom', 8),
('2025-03-15', 'Regular', 9),
('2025-04-10', 'Bom', 10),
('2025-05-20', 'Excelente', 11),
('2025-06-10', 'Bom', 12),
('2025-01-20', 'Regular', 13),
('2025-02-28', 'Bom', 14),
('2025-03-25', 'Excelente', 15),
('2025-04-15', 'Bom', 16),
('2025-05-05', 'Regular', 17),
('2025-06-05', 'Bom', 18),
('2025-01-10', 'Excelente', 19),
('2025-02-15', 'Bom', 20),
('2025-06-12', 'Bom', 1),
('2025-06-12', 'Regular', 2),
('2025-06-12', 'Bom', 3),
('2025-06-12', 'Excelente', 4),
('2025-06-12', 'Regular', 5),
('2025-06-12', 'Bom', 6),
('2025-06-12', 'Excelente', 7),
('2025-06-12', 'Bom', 8),
('2025-06-12', 'Regular', 9),
('2025-06-12', 'Bom', 10),
('2025-06-12', 'Excelente', 11),
('2025-06-12', 'Bom', 12),
('2025-06-12', 'Regular', 13),
('2025-06-12', 'Bom', 14),
('2025-06-12', 'Excelente', 15),
('2025-06-12', 'Bom', 16),
('2025-06-12', 'Regular', 17),
('2025-06-12', 'Bom', 18),
('2025-06-12', 'Excelente', 19),
('2025-06-12', 'Bom', 20),
('2025-06-13', 'Regular', 1),
('2025-06-13', 'Bom', 3),
('2025-06-13', 'Excelente', 5),
('2025-06-13', 'Regular', 7),
('2025-06-13', 'Bom', 9),
('2025-06-13', 'Excelente', 11),
('2025-06-13', 'Bom', 13),
('2025-06-13', 'Regular', 15),
('2025-06-13', 'Bom', 17),
('2025-06-13', 'Excelente', 19),
('2025-06-13', 'Bom', 21),
('2025-06-13', 'Regular', 22),
('2025-06-13', 'Excelente', 23),
('2025-06-13', 'Bom', 24),
('2025-06-13', 'Regular', 25),
('2025-06-13', 'Bom', 26),
('2025-06-13', 'Excelente', 27),
('2025-06-13', 'Bom', 28),
('2025-06-13', 'Regular', 29),
('2025-06-13', 'Bom', 30);

-- PROPRIEDADE
INSERT INTO propriedade (latitude, longitude, area_urbana_id, cidadao_cpf) VALUES
('-3.6860', '-39.5860', 1, '11122233344'),
('-3.6862', '-39.5862', 1, '55566677788'),
('-3.6870', '-39.5870', 2, '22233344455'),
('-3.6880', '-39.5880', 3, '33344455566'),
('-3.6890', '-39.5890', 4, '44455566677'),
('-3.6850', '-39.5850', 5, '66677788899'),
('-3.6840', '-39.5840', 6, '77788899900'),
('-3.6830', '-39.5830', 7, '88899900011'),
('-3.6820', '-39.5820', 8, '99900011122'),
('-3.6810', '-39.5810', 9, '00011122233'),
('-3.6800', '-39.5800', 10, '12345678901'),
('-3.6790', '-39.5790', 11, '23456789012'),
('-3.6865', '-39.5865', 1, '34567890123'),
('-3.6875', '-39.5875', 2, '45678901234'),
('-3.6885', '-39.5885', 3, '56789012345'),
('-3.6895', '-39.5895', 4, '67890123456'),
('-3.6855', '-39.5855', 5, '78901234567'),
('-3.6845', '-39.5845', 6, '89012345678'),
('-3.6835', '-39.5835', 7, '90123456789'),
('-3.6825', '-39.5825', 8, '01234567890'),
('-3.6815', '-39.5815', 9, '11223344556'),
('-3.6805', '-39.5805', 10, '22334455667'),
('-3.6795', '-39.5795', 11, '33445566778'),
('-3.6863', '-39.5863', 1, '44556677889'),
('-3.6873', '-39.5873', 2, '55667788990'),
('-3.6901', '-39.5901', 1, '11122233344'),
('-3.6902', '-39.5902', 2, '11122233344'),
('-3.6903', '-39.5903', 3, '11122233344'),
('-3.6904', '-39.5904', 4, '11122233344'),
('-3.6905', '-39.5905', 5, '11122233344'),
('-3.6906', '-39.5906', 1, '55566677788'),
('-3.6907', '-39.5907', 2, '55566677788'),
('-3.6908', '-39.5908', 6, '55566677788'),
('-3.6909', '-39.5909', 1, '44455566677'),
('-3.6910', '-39.5910', 3, '44455566677'),
('-3.6911', '-39.5911', 7, '44455566677'),
('-3.6912', '-39.5912', 1, '33344455566'),
('-3.6913', '-39.5913', 4, '33344455566'),
('-3.6914', '-39.5914', 2, '99900011122'),
('-3.6915', '-39.5915', 5, '99900011122'),
('-3.6916', '-39.5916', 9, '99900011122'),
('-3.6917', '-39.5917', 1, '88899900011'),
('-3.6918', '-39.5918', 3, '88899900011'),
('-3.6919', '-39.5919', 2, '11223344556'),
('-3.6920', '-39.5920', 6, '11223344556');

-- RECLAMACAO
INSERT INTO reclamacao (motivo, data, cidadao_cpf, area_urbana_id, servico_publico_id) VALUES
('Falta de medicamentos no posto', '2025-01-15', '66677788899', 1, 1),
('Lixo acumulado na praca', '2025-02-20', '77788899900', 3, 5),
('Buraco na ponte do Monte Castelo', '2025-03-10', '34567890123', 5, 9),
('Falta de água no açude', '2025-04-05', '12345678901', 12, 7),
('Barulho excessivo no terminal', '2025-05-18', '55667788990', 1, 17),
('Livros atrasados na biblioteca', '2025-06-02', '01234567890', 8, 12),
('Falta de merenda na escola', '2025-01-28', '88899900011', 2, 3),
('Inseguranca no campo de futebol', '2025-02-14', '22334455667', 10, 14),
('Transporte atrasado', '2025-03-22', '44556677889', 1, 17),
('Falta de vacina para gripe', '2025-04-30', '99900011122', 1, 2),
('Iluminacao precaria na praca', '2025-05-15', '78901234567', 3, 5),
('Esgoto a céu aberto', '2025-06-08', '67890123456', 2, 18),
('Falta de cuidadores na creche', '2025-01-10', '45678901234', 7, 11),
('Evento cancelado sem aviso', '2025-02-28', '44455566677', 1, 8),
('Pescaria proibida sem motivo', '2025-03-15', '77889900112', 12, 7),
('Falta de luz no ginasio a noite', '2025-06-01', '33443344556', 6, 10),
('Agua parada na praca causando dengue', '2025-06-03', '00112233445', 3, 5),
('Biblioteca fechada em horario de funcionamento', '2025-06-05', '99001122334', 8, 12),
('Crack no piso da creche risco de acidente', '2025-06-07', '22332233445', 7, 11),
('Sensor de trafego com defeito na ponte', '2025-06-09', '56789012345', 5, 9);

-- EVENTO - ÁREA
INSERT INTO area_urbana_has_evento_urbano (area_urbana_id, evento_urbano_id) VALUES
(1, 1),   -- centro - procissão de nossa senhora
(9, 2),   -- pedra branca - subida à pedra do frade
(1, 3),   -- centro - forró dos véi
(1, 4),   -- centro - carreata da paquetá
(12, 5),  -- ipuzinho - concurso de pescaria no açude
(1, 6),   -- centro - trote da ufc
(1, 7),   -- centro - show do gustavo lima
(1, 8),   -- centro - inauguração do teatro na ufc
(3, 9),   -- esmerino gomes - festa de são joão
(5, 10),  -- monte castelo - cavalgada de itapajé
(4, 11),  -- ferros - feira do peixe
(6, 12),  -- alto dos bernardos - festival de quadrilhas
(1, 9),   -- centro também participa da festa de são joão
(2, 3),   -- bela vista - forró dos véi
(10, 10); -- barateiro também participa da cavalgada

-- EVENTO - INFRAESTRUTURA
INSERT INTO infraestrutura_has_evento_urbano (infraestrutura_id, evento_urbano_id) VALUES
(14, 1), -- igreja - procissão de nossa senhora
(3, 2),  -- praça - subida à pedra do frade
(6, 3),  -- teatro - forró dos véi
(15, 4), -- terminal rodoviário - carreata da paquetá
(5, 5),  -- açude - concurso de pescaria no açude
(6, 6),  -- teatro - trote da ufc
(6, 7),  -- teatro - show do gustavo lima
(6, 8),  -- teatro - inauguração do teatro na ufc
(3, 9),  -- praça - festa de são joão
(12, 10),-- campo de futebol - cavalgada de itapajé
(4, 11), -- escola/infraestrutura 4 - feira do peixe
(8, 12), -- ginásio coberto - festival de quadrilhas
(1, 1),  -- posto de saúde também apoia a procissão
(14, 9); -- igreja também participa da festa de são joão